magnitude right,magnitudeForward,speed
-0.001263113413495709,0.044554493064923914,8.4789400100708
-0.030222949996625222,0.03692274795134431,0.05408661440014839
-0.031765068511619136,0.020569847688169,0.02071402221918106
0.0005314832513516564,-0.00134291112340636,0.06099128723144531
-0.007416004405417447,0.005113738714903597,0.013809348456561565
-0.01439562106291242,0.011861269625503766,0.06444362550973892
-0.010660903120810928,0.006003812846588941,0.02416636049747467
-0.0020860386985149383,0.008592385056233243,0.06214207038283348
0.006623163062815261,0.006117309468316242,0.11392712593078613
-0.0029347810825902042,0.004145321654144036,0.06099128723144531
-0.004708887502664621,0.005314144672300311,0.02071402221918106
0.00607530430130384,-0.004723010420947661,0.12313336133956909
0.006920666188346101,-0.009015589826729108,0.07019752264022827
0.0017280303570485118,0.00023722021979044586,0.14845049381256104
0.00518327354301517,-0.004815398535318406,0.03912648931145668
0.0007645446998979738,0.010346702475262818,0.04027726501226425
-0.0009727524817566423,-0.0030894241071536717,0.07134830206632614
0.008670898788314214,-0.013209568639353129,0.08400686830282211
0.006508441796262434,-0.008133301265046177,0.011507789604365826
0.00031299505074156535,-0.008088912882068483,0.02186480164527893
-0.006987563690315956,0.014830017945691408,0.06329284608364105
0.011983629423768113,-0.004315194830520909,0.01956324465572834
0.003700665021442115,0.001837422185713723,0.02992025390267372
-0.006204929471155848,0.008394439000519617,0.01035701110959053
0.0054536724364486954,0.0022982195434749515,0.03682493045926094
0.004361837552929046,-0.004823618082764003,0.05523739382624626
-0.01052807624183,0.007007389432886037,0.07249908149242401
0.01219199474756307,-0.005835598514740822,0.012658569030463696
0.006052471712037718,-0.007667094129794649,0.006904674228280783
-0.013968433813430985,0.013120424620997124,0.05063427612185478
0.015404637988773855,-0.010467869957652965,0.04027726501226425
-0.005480133519510829,-0.0026102593773018458,0.03337259218096733
0.0030154507937321844,0.001075842218447257,0.02646791934967041
-0.0028167702290245265,-0.004824981604956696,0.07134830206632614
-0.014600002442417492,0.010197364982975552,0.1001177728176117
-0.0005164593667580426,-0.002365463671013997,0.02416636049747467
0.0013270935749867313,-0.0038567827303958926,0.11277633905410767
-0.0034497746279275095,0.010341842994687985,0.04372960329055786
-0.008115720983314381,-0.0044679317877187145,0.04142804443836212
-0.007604548733489941,0.010189198982953012,0.057538952678442
-0.010258629036725997,0.008573147405139259,0.08630843460559845
-0.018883139300530462,0.01561861898043228,0.02301557920873165
-0.013849705869178528,0.01468920245188113,0.0460311584174633
-0.009929613083814851,0.015641106830806464,0.03567415103316307
-0.00515082589344307,0.012631078945699956,0.07019752264022827
-0.01485201261578181,0.014953033385320698,0.009206232614815235
-0.005587292764467704,-0.0019497642760626952,0.05408661440014839
0.013772208354232249,-0.013424450660429472,0.03222181275486946
-0.00469016514595041,0.002072752281582137,0.03107103519141674
-0.00218853289362755,0.0009891000919735455,0.0690467432141304
-0.006108561564585596,0.01396834324460621,0.06099128723144531
-0.0007606315669719325,-0.0012481055295613845,0.04948350042104721
-0.0007606315669719325,-0.0012481055295613845,0.04257882758975029
-0.008405920594687458,0.012276024754807638,0.0920623168349266
0.009215601717907886,-0.010228582582441161,0.13233959674835205
0.0033247851388999235,-0.004584987449020333,0.0034523371141403913
-0.008431837742671746,0.007215891315215671,0.01841246522963047
-0.010785337215406077,0.01033387790918442,0.05063427612185478
0.0035617162767416326,-0.006601995110915901,0.02186480164527893
-0.008146657772681006,0.019046375513561486,0.05063427612185478
-0.008017412300948101,0.0028916527165136876,0.07825297862291336
0.0016617727301898833,0.002615257993464443,0.05868973210453987
-0.014127156353411822,0.014070341448640788,0.02761869691312313
0.01517938938818208,-0.011367435569702796,0.13233959674835205
0.001443383750785663,-0.008167320652260515,0.009206232614815235
-0.0025416082455556746,0.0065446596631423045,0.03337259218096733
0.013952331842407443,-0.003738791941331111,0.04372960329055786
-0.005333363104489981,0.003692044182569633,0.05063427612185478
-0.0067699471047673685,0.013031439099032977,0.04718194156885147
0.000735309390646909,-0.004696708814659618,0.11047478765249252
-0.005976606456849667,0.007516458186686252,0.04718194156885147
-0.0004342784509701782,0.001287210852120022,0.07710219919681549
-0.005710477975705095,0.007395452936048161,0.02071402221918106
-0.008054333447230085,0.007958589910383465,0.02992025390267372
-0.007393301984187146,0.005442281908893566,0.03107103519141674
-0.007796313554231902,0.007706943686475505,0.04372960329055786
-0.007003308542349505,0.007646430703238632,0.011507789604365826
-0.0016967690106003967,-0.00524394702144758,0.03567415103316307
-0.016037961019933367,0.025624771602619993,0.03797570616006851
-0.006380085954491769,-0.0031207267234111126,0.02301557920873165
-0.007391062812003255,0.0034992068016663396,0.04257882758975029
-0.006558041735478534,0.015954344658594573,0.04948350042104721
-0.0036605103274210014,-0.007537948686119431,0.013809348456561565
-0.0035701917017417297,0.006163900312927152,0.008055453188717365
-0.01196763840432387,0.0147221421774293,0.06329284608364105
0.0010529337517208642,-0.002370968232813754,0.05984050780534744
0.004068968224508024,-0.003971310734031205,0.05178505927324295
-0.010462299457055544,0.010863238679615065,0.03797570616006851
0.0015794420532567687,-0.0038364069115696398,0.02761869691312313
0.00535365430963436,-0.007465751931477155,0.02071402221918106
-0.00611718500626746,0.003812930148719992,0.04142804443836212
-0.008039504987372515,0.0052889822355721965,0.04142804443836212
0.009093008525132992,-0.008020496497083307,0.07595141232013702
-0.011051909496593142,0.0035806059010956926,0.1265856921672821
-0.0014002661339452686,-0.002512461637507805,0.05408661440014839
0.007973122262271577,-0.004338175524019248,0.07710219919681549
-0.005763901620487528,0.003351242404745301,0.06559440493583679
-8.72368691394847e-05,0.0005281335524760728,0.06329284608364105
-0.005321132883695942,0.006308613920247052,0.02416636049747467
-0.008509660755223797,0.0002623731440984303,0.03567415103316307
0.0031014362898594727,-0.004603658301605375,0.013809348456561565
-0.005731772955666326,0.007867589979447306,0.013809348456561565
0.010049092192846425,-0.005395656187011208,0.04488038271665573
-0.005407078351808398,0.012863040767151345,0.0460311584174633
-0.007469469818274879,0.004887458598100764,0.10587167739868164
-0.0017455647847451612,0.0008200870125119596,0.05523739382624626
0.007174183373203582,-0.010386714814260187,0.04488038271665573
-0.0029163592773166092,-0.002279435486296257,0.01841246522963047
-0.008612740191594019,0.008243914804257634,0.04948350042104721
-0.014038342837913364,0.00546427080380535,0.02761869691312313
-0.0014487767434945053,-0.0019079117499286456,0.03107103519141674
-0.012387913086051548,0.010591052710995785,0.06444362550973892
-0.003279947770824353,0.005305870229027728,0.05063427612185478
0.0017738579345858104,-0.005655141794824636,0.03107103519141674
-0.00797537392225596,0.0035549690857756213,0.08170531690120697
-0.009217476115068686,0.008781123329862806,0.03222181275486946
0.015642539053876352,-0.013774985032268755,0.01496012695133686
-0.013763055793155258,0.014491647216505456,0.07019752264022827
-0.010078356036620809,-0.0044549780428597505,0.03107103519141674
0.004096717934251602,-0.00854014023143625,0.057538952678442
-0.006009883868605177,0.008489291459998044,0.06099128723144531
-0.008579553998890824,0.005245149135464111,0.057538952678442
-0.010240799087399138,0.008571520925525903,0.0690467432141304
0.009417430933531087,-0.0167198173541759,0.03337259218096733
0.0034656327064051294,-0.007857059751132092,0.09551466256380081
0.009642335725449272,-0.011434974100877402,0.028769476339221
-0.008943113312592626,0.0042071374241724295,0.05868973210453987
0.006874272702548068,-0.006815877341883385,0.11968101561069489
0.012168516502083924,-0.006537305839871386,0.05868973210453987
-0.008480138770303779,0.006835681062196276,0.24511593580245972
0.005290995247061566,-0.009861247837507959,0.01496012695133686
0.00013568249013095877,0.003750775961717371,0.1380934864282608
-0.01332097139766321,0.004738904972152787,0.06674518436193466
0.011751596296855649,-0.005997231456668894,0.02416636049747467
-0.014685438814616881,0.016236773726469086,0.011507789604365826
0.012300156324839159,0.0008345067966436924,0.08170531690120697
-0.004220741314064096,0.013677434185786819,0.05178505927324295
-0.009239657811923813,0.0013889813465066774,0.01611090637743473
-0.007484507466695527,0.0013592634084602132,0.1265856921672821
-0.016608520589425847,0.020291237458817467,0.03567415103316307
-0.0035027772315225584,-0.005185746535824753,0.11277633905410767
-0.0032562265680466797,-0.007379897525019653,0.17031531035900116
-0.0077154599295253925,0.012169464870819243,0.12543492019176483
-0.00023144044686230505,-0.0010351443092621749,0.10126855224370956
0.009362317503538579,-0.007441140200458022,0.02992025390267372
0.0016110702178671076,0.0007783035049540989,0.05408661440014839
-0.006508169805598461,0.002374577444901558,0.028769476339221
-0.0052922974016394305,0.009865060786148207,0.12888725101947784
-0.0039714982585680285,0.004059167086189064,0.07249908149242401
-0.011033471720250057,0.006656217450168309,0.12198257446289062
-0.011033471720250057,0.006656217450168309,0.08976076543331146
0.014894088349542057,-0.007776954203104685,0.08285608887672424
0.009264481679579802,-0.009009462710892651,0.03912648931145668
-0.008608567879778452,0.017102527615928943,0.03107103519141674
-0.004953818800920823,-0.002065601618271535,0.01496012695133686
0.0029706578093578817,-0.003991518364649334,0.06789596378803253
-0.008579019847258666,0.006705954988877251,0.06789596378803253
-0.004409072248081959,0.0029289021124050264,0.04833272099494934
0.001771539029572591,-0.0008059395830951819,0.028769476339221
-0.003953204853383851,0.005054673572877582,0.05293583869934082
-0.007643609957880892,0.002913537092447102,0.03107103519141674
0.00536959449411094,-0.009388511642441632,0.0460311584174633
-0.0006097848460648269,-0.00515424326207667,0.07364986091852188
-0.0006097848460648269,-0.00515424326207667,0.04488038271665573
0.00610636680654884,-0.015259471402590484,0.04948350042104721
0.017056036358981584,-0.01710333744263648,0.03567415103316307
0.004989429996086578,-0.010932603845688968,0.02416636049747467
0.00977127754549706,-0.004458093825776568,0.04488038271665573
-0.010924782219787637,0.005029344511184207,0.01496012695133686
-0.00253735379271548,0.0017831394707839628,0.12543492019176483
-0.008292992900727865,0.018141004974558794,0.12888725101947784
0.015658780843663178,-0.00382633953081168,0.04257882758975029
0.006202085498108513,-0.0027372016407809347,0.03797570616006851
-0.0040737601631635565,0.00524911932655754,0.07595141232013702
0.007078600033532929,-0.000988592582888292,0.07595141232013702
0.0019623124728402443,-0.004955735366494568,0.088609978556633
-0.005633836722117132,0.004986436837668079,0.10472089052200317
0.005918086804825228,-0.00816761571516976,0.10587167739868164
0.007036571429594289,-0.00785563751689419,0.12428414076566696
-0.006056276676043148,-0.005423636366340808,0.03797570616006851
-0.0030689193524002143,0.001635290899509801,0.008055453188717365
0.006641317983792177,0.004470648340385688,0.03912648931145668
-0.009225226806425874,0.01481659563158309,0.0460311584174633
-0.011963003500672014,0.010577082372128005,0.07480063289403915
-0.011760585515758103,0.009859702845770958,0.04718194156885147
0.00025089001553997553,-0.004058851626912881,0.02992025390267372
0.027574973951809405,-0.0011283274434158695,0.15650595724582672
0.02263657776979588,-0.0061332519348373865,0.11737946420907974
0.02210076510222589,-0.0043733366348539335,0.07480063289403915
0.018110648744655237,0.009960501562885785,0.08285608887672424
0.035736974028666865,-0.001145773611301261,0.3406306207180023
0.05386700695595786,-0.018160516492561434,0.2186480015516281
0.07979411548673827,-0.0021614058525245843,0.29805177450180054
0.11537836635469671,-0.024068699343637458,0.5224536657333374
0.1318006989047123,-0.024527142413223103,0.5592786073684692
0.03721662394762444,0.024899702771170613,0.6950705647468567
0.03500276410793829,0.02669021398424764,1.0690736770629883
0.04765076135284419,0.0005846592817170956,1.1369696855545044
0.019509137026788147,-0.0023245118773037284,1.421212077140808
0.02152278517389498,-0.0005454296438063705,1.325697422027588
0.002219313696912973,-0.002304182776251032,1.2785154581069946
-0.017392057952315364,0.0038744464828047985,1.5570040941238403
-0.011612334094534988,0.009839341815259181,1.7112083435058594
-0.012361245976497732,-0.009899937716720238,1.325697422027588
-0.01727671500002544,-0.0029854429994101706,1.891880750656128
-0.017728739713578415,-0.006929244345747712,1.539742350578308
-0.037325315842609647,0.026541735769666626,1.41200590133667
-0.016740003219532788,-0.001976795060588563,1.8308894634246826
-0.020693121043536204,-0.005963938710715828,1.4983142614364624
-0.02694052047786857,0.02201171273266784,1.288872480392456
-0.014428515182960943,0.006418747446770312,1.4039503335952759
-0.00919060395309397,0.006678702572898765,1.4925605058670044
0.004611829631302177,0.010068094476824493,1.5489485263824463
-0.016796433085609404,0.01815088932799756,1.5524009466171265
0.008249283371465166,0.0028469520912202894,1.4937111139297485
0.009308833907324243,0.010221263721609242,1.6364079713821411
0.012579449092153553,0.003896526683175398,1.660574197769165
0.02338231308351647,0.009157697945056005,1.5086714029312134
0.01237204284684557,0.004701473405202432,1.6433124542236328
0.031899812735719464,0.005161287666021071,1.8527542352676392
0.021766329409587237,0.011111574238018847,1.6525187492370605
0.016475462136920017,0.02975558099446005,1.8826745748519897
0.017215908508714937,0.0036415107970504865,2.1369967460632324
0.01419719354431558,-0.0007266821023022939,2.000053882598877
-0.001693846832280412,0.01830645617135474,1.7721996307373047
0.010252780990299115,0.023120748554671222,1.9528720378875732
0.01967415063138913,0.0006335594931221357,2.0023555755615234
0.0065505041495938,0.012818563514586063,2.097870111465454
0.0037131843260066657,0.01223343228250682,2.3694539070129395
0.0019818341741612597,0.031818151444361585,2.2509236335754395
0.024846954060549816,0.0026548912975917663,2.4718732833862305
0.010003079988520968,0.017002297783614506,2.323422908782959
-0.008279839217057213,0.00899556543021112,2.4500083923339844
-0.001973769765600577,0.01569624649417551,2.416635751724243
-0.014472948730141566,0.02168107973678789,2.6548471450805664
-0.022681579416204436,0.035059932108308725,2.733100175857544
-0.007940320163080931,0.00022609727952148612,2.7526636123657227
-0.018148779092205438,0.013822389988562755,2.7848854064941406
-0.006296640424401388,0.019229122329925186,2.771075963973999
-0.006959935823411911,0.01962188706694216,2.9241292476654053
-0.0015069948104572302,0.02269858264044898,2.8159563541412354
0.003728218338930654,-0.004492637089799817,2.905717134475708
0.012377846486249284,0.01904711487407109,2.8320672512054443
-0.00920046692745132,0.014651055808782409,2.981668472290039
-0.008116886228247593,0.028307001407370486,2.858535051345825
0.0012864725115466086,0.015705566445768385,2.895360231399536
0.03998361619316347,0.019097414416685263,3.2359907627105713
0.03981297366937522,0.01924527772710816,3.15313458442688
0.05480078423694182,0.02229954097079252,3.3786873817443848
0.08811587734121266,0.03696997346696973,3.2544033527374268
0.05321950030184598,0.025777553996015463,3.401702880859375
0.033621455759660836,0.04128383372759253,3.552454948425293
0.010547966722778355,0.026243952573147385,4.1059794425964355
0.0875049780847756,-0.016943700558594833,4.438554763793945
-0.024838256392628447,0.11450811862129867,4.2394700050354
-0.031121608942877833,-0.005625007200490605,4.356849670410156
0.00011585871886459082,-0.0036062285471704565,4.706686496734619
0.032826816769602585,0.059050076288138235,4.772280216217041
0.004625756299867785,0.03652934084457246,4.87470006942749
-0.02197776316548792,0.04184529189652878,4.870096683502197
-0.015687961266701092,0.029877787758131963,4.868946075439453
0.0036558480144092183,0.036974461455551805,4.95985746383667
-0.023270224697480458,0.055980652284069496,5.199219703674316
-0.015139211507398331,0.04804293440396224,5.163545608520508
0.01726157438510437,0.017864850567370652,5.450089931488037
0.013739038747669912,0.026053651990261512,5.52258825302124
0.025272020503455356,0.030703489028257553,5.402907371520996
-0.04340574478201309,0.04698249584178725,5.603143215179443
-0.0011027342146630505,0.020810175362116656,5.52949333190918
-0.005975619739211311,0.03744438423005148,5.764252185821533
-0.011864817291522521,0.045482355996611004,5.583580493927002
-0.004664745722243057,-0.002724832226966469,5.871274471282959
-0.01663099980690571,0.012617680648369788,6.109485626220703
-0.037727036361942336,0.04456668940669832,5.830997467041016
-0.0232938032996752,0.023041797023358006,6.15781831741333
0.006155845679985585,0.014831389471327092,6.138255596160889
0.005979561329092762,0.01372355859639496,6.0991291999816895
-0.016644016963754105,0.042997757873188006,6.261388778686523
-0.01216016228870474,-0.000600477391141941,6.071510314941406
0.013684179108789014,0.02658525622762752,6.435156345367432
-0.010598203518962774,0.017308438405790785,6.247579574584961
-0.03823439705456365,0.030186898300006714,6.369562149047852
-0.05573005521525138,0.043528843223824644,6.270595073699951
-0.014115616015756807,0.05335493036273764,6.011669635772705
0.004512028975137692,0.003403668923680689,5.996709823608398
0.0069973904332149214,-0.006003618526496791,5.856314659118652
-0.05591518756494314,0.03506747890076801,5.714768886566162
-0.015673293558095904,0.006915932944145059,6.117541313171387
-0.019414912900112838,0.022538191880339637,6.23031759262085
-0.00848302177118522,-0.011965117917602247,6.168176174163818
-0.01350302984079132,0.0076596115234019435,5.994408130645752
-0.025491989781390747,0.015845423566594682,6.277499675750732
0.017987711497806907,-0.023889224341750868,6.039288520812988
-0.027722407472871493,-0.010644885207541714,6.171627998352051
-0.029172382431215473,0.02196474572631849,6.083017826080322
-0.014745915650166965,-0.02025073686088027,6.207302093505859
-0.054242227757759824,-0.0004163054791092537,6.0623040199279785
-0.03789688825561526,0.0013065311601889345,5.988654136657715
-0.040340451232388656,0.03438680002415511,6.175080299377441
0.0018309961363084037,-0.004571991711561263,6.147461414337158
-0.07553505783539352,-0.010532719129093171,6.130200386047363
-0.06061053230473664,0.016813245955900013,5.820640563964844
-0.02894521935254622,0.021082404533355144,5.760800361633301
-0.06359779772983605,-0.004927253376384717,5.966789245605469
-0.02007287721020766,-0.022253270937362922,5.673340320587158
-0.03807815616984208,0.014015582182897775,5.7389349937438965
0.003102730593351052,-0.047169613653538126,5.630762100219727
0.01642177815924833,-0.014041873548756367,5.844806671142578
-0.010361951115877784,0.00816772463371925,5.544453144073486
-0.07079704657537897,-0.0004909273469148477,5.619254112243652
-0.03968230576341647,0.008000556964870785,5.508779525756836
-0.011029255890419112,0.014460879379394772,5.569770812988281
-0.027763048520290202,0.012177472192564806,5.473105430603027
-0.0221680857368942,0.004533571397689888,5.673340320587158
-0.02448562200491224,-0.029467783553607862,5.616952419281006
-0.015167773187587713,-0.003825652755290136,5.353424072265625
-0.032098560674056274,0.0010297197681142555,5.591635227203369
-0.000497098290068554,-0.0015052391778046412,5.396003246307373
0.0007930615814373404,-0.006167117392767018,5.483461856842041
0.018502257793435072,-0.025028468550396518,5.512231349945068
0.03285454027112302,-0.02198349906806183,5.445486068725586
0.005215972974118134,-0.019522094656815894,5.260210990905762
0.020648260211323845,0.0038927031532045037,5.631912708282471
0.009197428468469304,0.002210688288687258,5.337313175201416
-0.009137281835824938,0.012026815029530026,5.503025531768799
0.043171265523895545,0.00945484894349449,5.653777599334717
0.056298246547523446,-0.002955488568659853,5.691753387451172
0.009190522088382879,0.01590085445960389,5.511081218719482
0.030722641264926184,-0.015502711181539062,5.836751461029053
0.022943476895041753,-0.005462813340789639,5.870123863220215
-0.031558147254253384,-0.019916302684243256,5.91845703125
-0.010865321469966664,-0.0006191015738607338,5.964487552642822
-0.02592577607592757,0.033809809054349,5.971392631530762
-0.004062721316499753,-0.01338627383154004,6.100279808044434
-0.04419151329711793,0.017359406254689555,5.0691819190979
-0.02124892159995211,0.000517324060716164,5.330408096313477
-0.0031506142618157825,-0.017617087252052924,5.917305946350098
-0.043434160196045,-0.008046032281789458,5.570921421051025
-0.03666033157035783,-0.007513714463965585,5.767704486846924
0.008281705613967362,-0.0034681098240832665,5.908099174499512
0.03176782204585627,-0.043724532245923556,5.203822612762451
-0.027175761662788265,0.017911984611608728,5.711316108703613
-0.018621991306131944,0.02202926896918295,5.438581943511963
-0.02177993152692845,-0.021407784122402792,5.646872520446777
-0.00118292891501689,-0.03626871226049419,5.61810302734375
-0.04292350508832524,0.007454801610650275,5.223386287689209
-0.013001668870467702,0.002593995301297423,5.528342247009277
-0.016953174954522837,0.009045005723600992,5.398304462432861
-0.040325158057379545,-0.013019456059699541,5.5340962409973145
-0.0105775762690037,-0.002351330242767667,5.546755313873291
0.016780538098194846,-0.008779860645122442,5.3994550704956055
-0.01936627665925378,-0.0030754173165256143,5.384495258331299
-0.014338944158668388,-0.012059598052362595,5.656078815460205
0.021719074543749287,0.012005575766469415,5.467350959777832
-0.0562347178013548,0.026471235685043993,5.412114143371582
-0.01637039576938294,-0.006140271444260276,5.356876850128174
0.011668527191224805,-0.007564828771940215,5.473105430603027
-0.0052550712895048325,0.004015196675904868,5.381042957305908
-0.012078442254630029,-0.007420466953211659,5.383344650268555
0.002265224069090658,-0.04056736870801074,5.470803737640381
0.0018192903424062961,-0.01785600722095152,5.202671527862549
0.027030604538121505,0.002237394531257004,5.383344650268555
-0.005694790057396311,0.010670709775194328,5.5881829261779785
-0.05407127376180269,-0.011283708865095844,5.14398193359375
-0.024047238784860373,0.006896276976448313,5.521437644958496
0.04659942458872989,-0.019856967482952622,5.0599751472473145
-0.023844423190273984,-0.01252713786132377,5.440883159637451
0.01409155896602719,-0.028652653836661036,5.05882453918457
0.02749747275467206,-0.026437158877580153,5.020848751068115
0.0160905849409386,-0.015038843242499187,5.201521396636963
0.05290218625403176,-0.0471954164984207,5.23029088973999
0.009969081057084219,-0.019206151598074494,5.215330600738525
-0.027745080134376317,0.03825169676322951,5.311995983123779
0.017249115564932537,-0.015280939692441686,5.627309799194336
0.050523854860451155,-0.039347677988125086,5.1347761154174805
0.025307231003431258,-0.00050672009711612,5.074934959411621
0.0011096395527955083,0.008430090195321848,5.514533042907715
-0.022815877869285947,0.012884102049872663,5.432828426361084
-0.007262629927428902,-0.017190681370976058,5.65147590637207
-0.0038913540414215256,0.025027381405141307,4.801050186157227
-0.04293116576980571,0.01218001144144615,4.738907814025879
0.014707808021431536,-0.0691803964502921,4.467324256896973
0.002181725135073321,-0.01878552376262744,4.882755279541016
-0.03044892801369655,0.025252622223899582,5.054222106933594
-0.023854932544889414,0.011435205733094898,4.395975589752197
-0.053671019424675004,-0.004911620143519332,4.393674373626709
-0.029801456765450093,0.009873932483713443,5.005888938903809
-0.006354947465455289,0.02839270962147665,5.51913595199585
-0.04032899252185687,-0.00932134407021991,5.192315101623535
0.020723833339433208,-0.04412545296562648,4.705535888671875
-0.011186732795076202,-0.004928713664169105,5.130173206329346
-0.0094471752047157,-0.014690093340383832,4.674464225769043
0.01540757762387628,-0.04879161089877148,4.421293258666992
0.006168516384082175,-0.033062878911893454,4.248676300048828
-0.022241670953582027,0.029226819064835236,4.54902982711792
-0.019177004669093518,0.006036814600763256,4.57204532623291
0.016507356579734945,-0.027744765330618634,4.857438564300537
-0.0626556669281787,0.0018736480012654449,4.741209506988525
-0.052810828284535295,0.04377910831734039,4.656052112579346
0.020685640797808307,-0.025412925643068292,5.156641006469727
-0.013481597539522959,0.002397531830640856,4.910374641418457
0.0017716735063289788,0.01643082867030755,4.583552837371826
-0.028930139725435223,-0.0523160159033414,4.445459365844727
-0.059497997052750724,-0.007808592386606428,4.575497627258301
0.00728664209449545,0.007277112875636029,4.5801005363464355
-0.002033095471031042,-0.010682051533406414,4.504149436950684
-7.236415621261423e-05,0.0002790911247702115,4.489189147949219
-0.03062186617823828,0.008836374205836077,4.089868545532227
-0.0026990905914890564,-0.02688503386352195,4.3775634765625
-0.016754245552562164,-0.04641585980775533,4.2889533042907715
-0.002098067030306387,0.014378646869551275,4.096773624420166
-0.015092924986272077,0.003168029071718104,4.346492290496826
-0.0023000068273798468,-0.025332030942275086,4.1474080085754395
-0.010998270359276686,0.027797009367521854,3.773404598236084
-0.010193208037433149,-0.011366010050267269,4.3913726806640625
0.009101106624812307,-0.03225960431746519,4.135900020599365
0.00211299044034241,0.0050320723612769375,3.8516571521759033
-0.001777158272712234,0.009755103808017692,3.7607457637786865
0.01518259990141901,-0.02388974213625898,3.833245038986206
-0.012081478937944609,-0.0029189717567740343,3.6744375228881836
-0.0028866159446223364,-0.020460375216939292,3.8942363262176514
0.030212724909256767,-0.0028853834292202666,3.864315986633301
-0.012510516592613208,0.0011707177510887784,3.7745554447174072
0.03917428456706899,-0.00944882098347075,4.431650161743164
0.0038004808696954816,-0.0018085229249653184,3.784912347793579
0.010789367833064825,-0.005060936969561141,3.8850297927856445
0.01958506659127297,-0.004548439631721318,4.092170238494873
0.04462307489435667,-0.0015235823308034837,4.119788646697998
0.019733014056643437,-0.0009358295728216457,4.238319396972656
-0.010038761911146289,-0.02261373613429901,4.118638038635254
0.0013221306152779437,0.0035793720744976888,4.143955230712891
-0.029924658719802624,-0.001927430107329338,4.1543121337890625
0.011110517248291749,-0.0057433077636565594,3.9011411666870117
-0.009390904119014344,0.0010952488795955215,4.059948921203613
0.020751639148141925,-0.02061268319990866,4.048440456390381
0.00529747504434612,0.014099704192552505,3.824038505554199
-0.012242679059602204,0.009431009588877963,3.9816954135894775
0.023539743658384907,0.002049384351850149,3.796419858932495
0.028484901110622605,-0.00862226521921361,4.1600661277771
0.025678319789231605,0.004672913453513127,2.7158384323120117
0.004662457083935744,0.020382306407629135,3.105952262878418
-0.00534986510979313,-0.008246004316399599,3.6514220237731934
0.025066366359194178,-0.007739506523640372,3.7331271171569824
-0.008842774243120993,0.004384404591596326,3.9759414196014404
0.030216002229756813,0.0005320653461792587,4.1405029296875
-0.0225418696859439,-0.0004706618929417535,3.74578595161438
0.013660724912321703,-0.013769804202812956,3.935664653778076
0.003814332881446636,-0.005885969873802871,4.133598327636719
-0.0011991627170239827,0.01102277077544089,3.660628080368042
0.00658585983913852,0.016538786517520807,3.8999900817871094
-0.037820327261927994,0.02910177175106242,3.805626153945923
0.0015379993333548764,-0.008809082838809663,3.7503888607025146
0.012207482023407023,-0.016638536320881487,3.8988394737243652
0.0034388231648058466,-0.011329005560713663,3.9276089668273926
0.00677048921163765,0.01685624893969474,3.8850297927856445
0.013130517090887545,-0.009719014488054218,3.789515495300293
0.02309144851566445,-0.012925759037737908,3.69284987449646
0.011678712644883786,-0.011387735918732768,3.573168992996216
0.010579188858574565,-0.007116761542129767,4.192287921905518
0.0007464398688233396,0.0005873954501951185,3.6951515674591064
0.029702901472616023,0.01608921166397228,3.61689829826355
0.08171121073395765,0.014933833709906625,3.6364619731903076
0.08171121073395765,0.014933833709906625,3.9068949222564697
0.06744158305383215,0.012086736493202032,3.7768568992614746
0.05090618523993581,0.015257105993584607,4.02197265625
0.02225663600744377,0.02217674856208688,4.012766361236572
0.02013921826147484,0.035823108440095563,4.413237571716309
0.0019122333989527397,0.03983186915979544,4.623830318450928
0.02012819060747362,0.014612772609591054,4.755018711090088
0.05839416801230805,-0.0067626101618594465,4.9138264656066895
-0.009105507965928464,0.031554010073453265,4.887358665466309
-0.010397709223716838,0.029490882538913396,4.954103469848633
-0.01799912382135391,0.03405725496940807,4.942595958709717
0.007608527400516578,-0.007751085054736631,4.811407089233398
0.004623479800512045,-0.033746180485094104,4.965611457824707
-0.01561911255436895,-0.04624105668248871,4.911525249481201
-0.04717628923726295,0.05108358859066159,4.722797393798828
-0.054668865820396796,0.051707550782566745,4.896564960479736
-0.014360036338446437,0.011571023095171417,4.856287479400635
0.014833521399083149,0.0005517180500170737,4.833271503448486
-0.03241503375951477,0.039546373979747765,4.925334453582764
0.0067543615250323045,-0.028935277115977334,4.615775108337402
-0.025768289233974638,0.028653125319754964,4.764225006103516
-0.007578780430017334,0.01084720583219317,4.852835178375244
-0.025498089237182,0.022945589637696318,4.338437080383301
-0.00381488501941613,0.0006858504840574944,4.4937920570373535
-0.011354115923171215,0.0003687336835375351,4.748114109039307
-0.024534035012791968,-0.004610380214915392,4.404031276702881
0.01784258612514086,-0.013363276606048708,3.9874494075775146
0.01916451441131997,-0.00259280465231748,4.2130022048950195
-0.009994214007908096,-0.00189074104454473,4.338437080383301
-0.017819900574207813,0.01189980517113535,4.2521281242370605
-0.04486658700179979,0.024384292938111746,3.7826106548309326
0.013437273402296848,-0.006946929807734862,5.018547534942627
-0.012942722679894063,0.006662831166971576,4.544425964355469
-0.009930948051812558,0.03549398995363191,4.035782337188721
-0.032086382309601945,0.007948539963864633,4.011615753173828
-0.0012118615374155119,0.008396300543837278,4.254430294036865
-0.02285272048832206,0.05961702152187319,3.4949159622192383
-0.011494229936203136,0.023672620008731732,4.177328109741211
0.010183977046088775,-0.015854858367960478,4.073757648468018
0.03396301956760758,0.0020594684340066384,4.101376533508301
-0.0017756581659308672,0.002839839294103659,3.989751100540161
-0.010967188190523848,0.001139920972165993,3.9322121143341064
-0.004850991611319083,0.018951324122006074,3.666382074356079
-0.011139748152155668,-0.0018876021523871339,3.982846260070801
-0.0019578342016475614,0.005393630890915783,3.736579418182373
-0.0006675802987471964,0.03811599290374386,3.925307273864746
-0.010024718684998603,0.019767625355820342,4.108281135559082
-0.014454276521870361,0.042840565047567766,4.2452239990234375
0.018311720261456166,0.0034040606524988483,3.79526948928833
0.0024647995586685057,0.009169097981884214,3.8953871726989746
-0.010498257571354088,0.0039922131318919155,3.9022915363311768
-0.026920365467114734,0.03487416305247495,3.8366973400115967
-0.015116025958705152,0.018275500303783863,3.9644336700439453
-0.009660829789195701,-0.0086570282325261,3.751539707183838
-0.012818811449137957,0.0167399563807789,3.7538411617279053
-0.001343664673366359,0.007626618285116789,3.9425690174102783
-0.012431574434839816,0.011889046478067627,3.699754476547241
-0.013632919345558629,-0.0036707178105863662,3.799872398376465
-0.014487696916359122,0.027108237735681454,3.8079280853271484
-0.030623686059202928,0.0032252467174828372,3.685945510864258
-0.013364751600093913,-0.0070563348875909045,3.57431960105896
-0.03213048988210637,0.0012291256995191487,3.69284987449646
-0.013080792303256763,-0.0109613610701243,3.525986671447754
-0.022718877513735032,0.0018250978821759958,3.60078763961792
-0.035372603432302765,0.0017438516794236261,3.3292036056518555
-0.037477478845426904,-0.009991371708217315,3.520233154296875
-0.034036611376642996,0.017789985884196613,3.1784520149230957
-0.022827588896713148,-0.007373099594162297,3.207221031188965
-0.026246597478973732,-0.026764088473498426,2.847027540206909
-0.027460816756888336,-0.014774252573788896,3.2106735706329346
-0.042828418045243156,0.004862333738283801,2.7146875858306885
-0.035663614276651795,-0.021859919878149604,2.7400050163269043
-0.03422625984409223,0.006959276418954293,2.786036252975464
-0.02551840235999131,-0.0013391458041722576,2.6444902420043945
-0.018587610020496925,-0.020489578973753905,2.2981057167053223
-0.03456522686521644,0.023991254971597892,2.3567955493927
-0.03252013411037353,-0.006695705591697125,2.183027744293213
-0.03548978809748983,-0.0181566658231131,2.0564420223236084
-0.032136304924224667,0.005478931348848074,1.7250176668167114
-0.017321469443030927,-0.011220402711984307,1.9068408012390137
0.0005999357631359166,0.00499640850881364,1.7399778366088867
0.012280275230769435,-0.003143710850669661,1.4384738206863403
0.0008203951967060295,0.0008017651817968366,1.6732326745986938
0.001491336053528556,-0.0037024024500445563,1.4683940410614014
3.735799455728579e-05,-0.010577234371505286,1.3579192161560059
-0.0016709684047808448,-0.0010022490774048401,1.3418083190917969
0.003135193293652838,0.004566568705546578,1.0713752508163452
-0.0029035373763100047,0.004138653907846729,1.2900233268737793
0.007219332428980063,0.003708214662281486,1.2877217531204224
0.00600530068335644,0.012303636819209337,1.062169075012207
-0.0033863227007898834,0.0062872226372234444,0.9908207058906555
0.02037738938103749,-0.01077338067695546,1.050661325454712
0.0008909963433067046,0.01443395339295418,1.1139540672302246
0.04633804032293829,-0.03177800478769489,1.0955417156219482
0.017079450001275923,-0.005590111416151487,0.9908207058906555
0.011217047396966362,0.0014459050556396445,0.9724083542823792
0.012417680096104939,-0.011324322578077587,0.8964568972587585
-0.022622164232863156,0.016934601843671133,0.9735590815544128
0.029497494947594648,-0.018537052691371993,0.9436388611793518
-0.0121327627882969,0.013353819910616396,0.904512345790863
-0.012662377920458719,0.0050096209167762515,0.968955934047699
-0.004836911269247995,-0.0001723101702102342,0.8722904920578003
-0.0069530153034909085,0.004707833955463443,0.6732056736946106
-0.0028841665054552806,0.00810553363962546,0.6893166303634644
-0.0020596828761426738,3.537827422997815e-05,0.5776910185813904
-0.0034480830173258354,-0.010669643527395425,0.6985228657722473
-0.022543138427849368,0.0011440319116517944,0.6099128723144531
-0.027072424858031786,-0.00454610176550488,0.5984050631523132
-0.046497532183916834,-0.002463368119425689,0.45110535621643066
-0.05845123520477251,-0.009131208642822526,0.34753528237342834
-0.0643347813058062,-0.00647201143090631,0.2232511341571808
0.0701584223844403,-0.0007627084161952938,0.05868973210453987
0.008214142252700935,0.013120496116928847,0.04718194156885147
0.006025506595859756,-0.005877634089734462,0.01956324465572834
0.03625419400097761,-0.003871845476517819,0.03222181275486946
0.010254893113467372,0.007013410118617838,0.11968101561069489
0.02639060099326562,-0.00042247477511300486,0.11392712593078613
0.01658740961955994,0.008685816357773983,0.02531713806092739
0.013074801546130414,0.009195097862978783,0.088609978556633
0.010407399727852405,0.00662978148230652,0.08976076543331146
0.014881799763872832,-0.0009027657776375451,0.0460311584174633
0.010813133999702323,0.0030984211406108676,0.1380934864282608
0.026892461991305024,-0.009458890253542178,0.07249908149242401
0.028010533539436982,-0.00825335246930546,0.03797570616006851
0.024412488948053195,-0.011999000032139094,0.1116255670785904
0.03385897439727707,-0.00035182738710671385,0.11853023618459702
0.035380679574133114,4.720524020988991e-05,0.02646791934967041
0.042108980699430955,-0.013319230572062257,0.115077905356884
0.04347366611576735,-0.002476170566894698,0.1657121777534485
0.05639494867228779,0.0036959191344500516,0.11622869223356247
0.07609982423207905,-0.0003260267385096785,0.2232511341571808
0.11821184513434747,-0.0069047684552690294,0.331424355506897
0.1569084257222021,-0.007306508066370965,0.41197890043258667
0.1895669629085696,0.024125943389000867,0.7537602186203003
0.19693428998849102,-0.038126100257944724,0.983916163444519
0.18406621876546878,-0.029990859400550234,1.4545847177505493
0.20851344614212852,-0.02651763448675515,1.752636432647705
0.13683665558001273,-0.018011253338465517,2.264733076095581
0.11363413616723653,0.022779669499753883,2.3544938564300537
0.09810578091201881,-0.03153018815982772,3.0012319087982178
0.08127301281109904,-0.011527188364936507,3.0046842098236084
0.037333147518216245,-0.002310297981537377,3.5455503463745117
0.033875932475810756,0.04171701871365751,3.569716691970825
-0.006889153398319072,0.04169620194998658,3.8459036350250244
-0.00611110792086629,-0.009925468077993112,3.9816954135894775
-0.02609046826042191,0.009923177831509472,3.9276089668273926
-0.006459298802228305,-0.009106988604804996,3.9609813690185547
0.005393236919404751,-0.0158043587422249,3.843601942062378
-0.025610978785473047,-0.01647228299113278,4.104828834533691
-0.016097445866172354,-0.004718217472184009,3.8804268836975098
0.0059811062690331195,0.013226790855836962,4.047289848327637
-0.011495323247373785,-0.0250464196028274,3.9057440757751465
-0.025937696385650393,-0.012488289339729803,3.7768568992614746
-0.012710662709263092,-0.01268790845679162,4.0944719314575195
-0.00787195318896441,0.012112257359388968,4.027726650238037
0.020887729687372816,-0.0029118879073118374,3.8297924995422363
0.04834614298415675,-0.009493740897278061,3.947172164916992
0.05584493000349968,0.036759712114389574,4.0403852462768555
0.05091174598157221,0.0010439896888003687,4.272842884063721
0.056497509968776095,-0.023493680744752336,4.339587688446045
0.03324572213566324,-0.026097397413380925,4.528315544128418
0.03776641840234184,-0.013067655697421418,4.6491475105285645
0.01976518496432293,0.01504502582227099,4.806804180145264
-0.0067111110630440046,0.01966117883104816,4.780335903167725
-0.00032137963621320733,-0.006829055690507679,4.807954788208008
0.03147900120441321,-0.01659396870776785,4.822915077209473
0.03066308099199679,0.004900111291892086,5.017396926879883
0.023698124196673095,-0.007962851790147605,5.0001349449157715
-0.027304010454502394,0.02949804131879452,4.857438564300537
-0.031059899054536006,0.004566834954244154,5.106006145477295
-0.022710507285163422,0.004913033798274929,5.336162090301514
-0.03855534507656038,-0.0025252166041394167,5.1025543212890625
0.016515920296853014,-0.04235258618933887,5.294734001159668
-0.061536339799980355,0.011651165738359089,5.198069095611572
-0.025683962202272027,-0.02167513933788737,5.23949670791626
-0.07439226519710512,0.021404829979496047,5.1739020347595215
-0.0007606620115411825,-0.030156212963795604,5.017396926879883
-0.0464940146946107,-0.014269525782112961,5.093348026275635
-0.04094093004689639,-0.02331866991428853,4.946048259735107
-0.020576297189065926,-0.01218140018420232,5.047317028045654
-0.09750626950833928,0.02883031486329987,4.870096683502197
-0.04124175725127831,0.002040895102779661,4.977119445800781
-0.09520497956094692,0.028286348463558358,4.692876815795898
-0.018502064009332107,-0.04932060819899834,4.8171610832214355
-0.02219661798456039,-0.02532777605327995,4.630734920501709
-0.07944024044834598,0.03281059542124227,4.6710124015808105
-0.08858670535717053,0.014575718138764215,4.310818195343018
-0.09885053175779482,0.037991129925450236,4.28204870223999
-0.10669254344934688,0.01985920290496956,3.925307273864746
-0.12835832164361696,0.04241915599118525,3.8965375423431396
-0.12642129208545322,0.007585809639320459,3.573168992996216
-0.12379251680391133,-0.002418869575286141,3.2912280559539795
-0.12092883066836131,-0.0176525406840555,3.3395607471466064
-0.14694864266452987,-0.008774309203087407,3.015040874481201
-0.15339416190719973,-0.01399546840109151,2.550126314163208
-0.14374000357373024,-0.024340750869397177,2.3268752098083496
-0.14382733790119828,0.0019624021917609897,2.1427505016326904
-0.13587219505886955,0.008576257591368047,1.6398600339889526
-0.08676446191724703,0.0018482574768905822,1.1714930534362793
-0.04243550401035959,0.004556148582377076,0.7065783143043518
-0.04184598046001992,-0.009831812773294667,0.605309784412384
-0.03730721144583547,0.0010559776709701996,0.3924156129360199
-0.0363909436154295,-0.0005292245725637671,0.23245738446712494
0.08786898366344216,0.008810967033561283,0.08515765517950058
0.04332336689746821,-0.004231253793721167,0.03682493045926094
0.03493192626245448,-0.0069527595343727685,0.07019752264022827
0.048774309715594696,0.01259688303074512,0.08630843460559845
0.02318047235850666,-0.0061487472132865624,0.06789596378803253
0.041953427702036396,-0.004222473278473995,0.1035701185464859
0.031002747161634262,-0.006133404957252861,0.012658569030463696
0.02997559832704949,0.014052818967989275,0.06674518436193466
0.028890048130090537,0.009883466848890484,0.04948350042104721
0.02517451223000426,0.006355346065442444,0.02416636049747467
0.0373921923288518,-0.007405421862310613,0.06444362550973892
0.022353252948457695,0.009604821704448485,0.04257882758975029
0.026637332056294608,0.012925890322982171,0.12313336133956909
0.030089114928458983,0.00025422426140816296,0.08170531690120697
0.021532019827781922,0.0028423895761482,0.1001177728176117
0.024301769912774555,0.007717506211278918,0.11047478765249252
0.021829566349486462,-0.006530184741805565,0.08976076543331146
0.016906362866759835,0.020330077740745245,0.06099128723144531
0.03145600070832935,-0.00715773878971484,0.05523739382624626
0.02642511896494129,-0.0012880456117994514,0.07249908149242401
0.01862671282767553,0.0019912522015325526,0.13694271445274353
0.018051529610675864,-0.0008041896384217433,0.03912648931145668
0.025920460197040116,-0.00098995035894695,0.0805545300245285
0.014556706330414063,0.01067140985776349,0.04948350042104721
0.025406245881795568,-0.0188981089211652,0.1657121777534485
0.029422661352765764,-0.0071217567140380005,0.08285608887672424
-0.0009756224632148019,0.016543452273535982,0.11737946420907974
0.03459659476028963,-0.012528085254483125,0.115077905356884
0.00814448250828866,-0.003509132950047478,0.08745920658111572
0.01296855067148517,0.018664934608037153,0.0690467432141304
0.01169455453407018,-0.001476918375827532,0.08745920658111572
0.006027404494613647,0.002796640567868211,0.14154581725597382
0.012208825180316058,0.007446069828428198,0.06444362550973892
0.021048696086186123,0.0013225963762320359,0.08400686830282211
0.011028752501722847,0.004795781909550428,0.012658569030463696
0.006443576346775039,0.005703981388816661,0.09551466256380081
0.01768059146732803,0.004803117756495376,0.14039504528045654
0.013317591589669643,-0.012200240643169545,0.07134830206632614
0.0021394528394392113,0.00023766763779513984,0.03567415103316307
0.01206719322051913,0.006669201996796395,0.0920623168349266
-0.0015721147797349052,0.00514752508023312,0.05868973210453987
0.014300022877936846,-0.0025887210113911684,0.10472089052200317
0.004074671502770753,0.011463680886150712,0.07134830206632614
0.0027746455418096202,0.0052650178932286415,0.05293583869934082
0.01893063895355519,-0.0033460392701937904,0.03797570616006851
0.007454413354725239,0.014182405543736754,0.08285608887672424
0.011609776575433979,-0.0005228898483287875,0.028769476339221
0.006282746603999021,0.005224234953736331,0.011507789604365826
0.007399133451054675,0.008143208384997857,0.05408661440014839
0.013427286855035655,-0.00042465516134630195,0.02416636049747467
0.006461647351111235,0.0036953936778149803,0.02761869691312313
0.014127659583625428,-0.0005528881674947253,0.02301557920873165
0.0056350953985810194,-0.0032462385630594635,0.08630843460559845
0.0001530477007234474,0.013823380532374082,0.04027726501226425
0.004888950516655476,-0.0006634522444569631,0.07595141232013702
0.003541345793997986,-0.006802848459028275,0.05523739382624626
-0.0009636849214300051,0.009097581149380536,0.03797570616006851
0.014472447219406227,-0.007760437493040088,0.004603116307407618
0.014472447219406227,-0.007760437493040088,0.08285608887672424
0.0008780475254149368,0.0069021584513888875,0.08400686830282211
0.0091858889836319,-0.008521914328313267,0.11737946420907974
0.0019313769536576197,0.010040144847915489,0.04948350042104721
0.0005407304637976544,0.0008737442495158091,0.11737946420907974
0.007949582571470352,0.0017527622707473485,0.14039504528045654
-0.0005112783020518421,0.011264006263346,0.04948350042104721
-0.004249002890296402,-0.002164214259873539,0.03107103519141674
0.0063639610028350425,0.009674183799598631,0.0690467432141304
-0.0033102867220262343,0.009417205777080804,0.11968101561069489
0.010326851962698117,-0.010071535874747779,0.08515765517950058
1.627666937094249e-05,0.021773692734508618,0.04142804443836212
-0.0018160324949298263,-0.00026319979419542507,0.14039504528045654
0.011470141563420893,-0.0052563767815884425,0.0172616858035326
0.014503139333578552,-0.010513516029792426,0.02186480164527893
0.011232037835128812,-0.002925433114530832,0.1001177728176117
0.003760974523096827,0.006444364369545731,0.13349036872386932
-0.002702464252436016,0.005426253849135175,0.06329284608364105
-0.0011423946837134694,0.003707311014232989,0.03107103519141674
0.0077541098945419894,-0.0025624957077866285,0.02416636049747467
0.000916189249877993,0.0014594054272596458,0.16225984692573547
0.005232161785919537,0.0030313653659027745,0.08515765517950058
-0.000992635177583702,0.010804313697697783,0.10126855224370956
0.002921257221488333,0.0020179082603640425,0.07595141232013702
0.010067454892426062,-0.011059399603960515,0.10472089052200317
-0.0008192740078482274,0.006861919871984717,0.057538952678442
0.003300023776212391,-0.006136306211586288,0.07595141232013702
-0.003108253368821625,0.01501682570294287,0.088609978556633
-0.004907790609153835,0.008442837858755287,0.02071402221918106
0.00026832063140948227,0.002249560662137918,0.11277633905410767
-0.005945046481105321,0.01066740646936477,0.12543492019176483
-0.005246299438096167,0.004003363439653995,0.06559440493583679
0.00853071657314263,-0.003475671958566344,0.0460311584174633
-0.004303239499473847,0.014962661471154213,0.06559440493583679
-0.002678412003602896,-0.0056745619392346534,0.03912648931145668
0.0035354363589952466,-0.002908279399391708,0.1001177728176117
0.000811387036544692,0.00798416058394502,0.04142804443836212
-0.0023575037533805276,-0.0025618342731342876,0.03222181275486946
-0.004726766217139127,0.009793036226973816,0.02992025390267372
0.01018735799067801,-0.01621633386670318,0.03222181275486946
3.4851491096597316e-05,-0.009747471482453966,0.06674518436193466
-0.002520383158277787,0.010300634374128552,0.1035701185464859
-0.006276977029799459,0.005212029456281876,0.07480063289403915
0.008387960632049994,-0.007390289185961447,0.0345233716070652
-0.006697771793147344,0.01563527430612946,0.04257882758975029
-0.0008070370491585404,-0.006304746516213918,0.03797570616006851
0.009273585736797646,-0.0034826690358939053,0.03337259218096733
-0.007066723175433979,0.0017486967377001834,0.12543492019176483
-0.0047712423338447645,0.009711556909856922,0.05984050780534744
0.007500426624299467,-0.006442228547321587,0.04488038271665573
-0.0014313134129112426,-0.0031669291085782776,0.05868973210453987
0.006511521738848308,-0.00022197696665961117,0.04948350042104721
0.008041364969693673,-0.004503412212482942,0.07134830206632614
0.0014167541514827934,-0.004808413227989899,0.008055453188717365
0.01050095233389722,-0.013031175181767047,0.05868973210453987
-0.008707918928539407,0.00041300664287106096,0.0920623168349266
0.0023722907009867855,-0.00292723035216342,0.02531713806092739
-0.004719471699532056,0.012830334934389877,0.10126855224370956
-0.004022184376170126,0.0021366709316828427,0.10472089052200317
0.010378745509092792,-0.012302621231347373,0.012658569030463696
0.00594600057727749,-0.004532067529956003,0.04257882758975029
-0.009605072051814552,-0.0032399721096504647,0.03682493045926094
0.00854938543388369,-0.008696393958883343,0.08976076543331146
-0.007882385972353896,0.006826518084752624,0.06214207038283348
-0.008593047585005502,-0.005924591090933728,0.06329284608364105
0.005894825122629588,0.0016702886373667126,0.04833272099494934
0.0036565942867890643,-0.014696990418877712,0.06214207038283348
0.04577471812233953,-0.021553704002737557,0.0345233716070652
0.17269148522176503,-0.036637639861583915,0.04833272099494934
0.470236891547097,0.03971837984971235,0.06099128723144531
0.42884716519990856,0.041456233619451346,0.8757428526878357
0.49254689549023806,-0.005131082669460867,1.9171979427337646
0.6853383355445051,0.015362891205503373,2.6859185695648193
0.633736792523786,0.02847959509968832,3.9103472232818604
0.5957126572553973,0.04829515562756265,5.531795024871826
0.6791728056136356,-0.005334663310110728,6.743565559387207
0.6772139818824875,0.004973233553053705,8.144063949584961
0.6730393137622058,-0.014425241977661601,9.468609809875488
0.6307687479694617,0.06097307174079602,11.053232192993164
0.6612655784179023,-0.023506852739205223,12.260400772094727
0.6630341035466037,-0.012962007557840827,13.723040580749512
0.5755602153773336,0.09088650756822012,15.500993728637695
0.7179218627199258,-0.06746252236091972,16.7587947845459
0.8240827216951162,-0.19675764954081948,18.493019104003906
0.4475843589884675,0.16109270647181287,20.000539779663086
0.6876241555740311,-0.3610846736443754,21.495403289794922
0.6894131540199188,-0.24474567971507352,22.771615982055664
0.9013450707908245,-0.2842300133584164,23.842988967895508
0.5833677633948574,-0.37093840510321174,25.493207931518555
0.6042396804000891,-0.3872612947653808,27.001880645751953
0.7292682805857907,-0.2787338281816845,28.06980323791504
0.5261141476082417,-0.44345113794179214,29.234390258789062
0.7555443534387376,-0.7949809677343403,30.71659278869629
0.4330195291118971,-0.44817272859356483,32.29201126098633
0.27515845305417874,-0.489388436440859,33.09870529174805
0.27515845305417874,-0.489388436440859,33.09870529174805
0.3721864184631001,-0.33744235138466067,34.53717803955078
0.33631372299228723,0.21465560449692214,35.53950881958008
0.42410612654752367,0.5792367305065964,36.714454650878906
0.24016765921332753,0.5988937795246917,37.98031234741211
0.3906067250913568,0.4881815999728867,38.73982620239258
0.5355902611809898,0.6770731019477519,39.94929504394531
0.18231821955359825,0.8718294353933361,40.75714111328125
0.21079642412426475,0.9775083747574195,41.93093490600586
0.2702206480648302,0.755856884098291,43.012664794921875
0.247202858218365,1.0620536409583405,43.60877227783203
0.48126699047481203,0.7794937508546401,44.6134033203125
0.5206238800817151,0.8444737268528327,44.89188766479492
0.1645909783215924,0.8495889989721744,45.42930603027344
0.47648607009117583,0.7112084540273236,46.512184143066406
0.49956385653906515,0.48279798349269254,47.062259674072266
0.35573994062287817,0.6394414588483401,47.98748779296875
0.561024213996459,0.21498086231898583,48.85977554321289
0.4433600210806801,0.3545704836320043,49.93000030517578
0.40418620730322025,0.3159078797683078,50.7528076171875
0.47616977580401787,0.2699801949627024,51.85295104980469
0.44466697339549255,0.07708121898972296,52.74710464477539
0.29271754773032765,0.36365753685730895,53.71836853027344
0.49570617431640046,-0.1069837390866876,54.743709564208984
0.3910947954952842,0.08374912931891396,55.61945343017578
0.039477025250443415,0.0004673156844462188,56.56194305419922
-0.023031309736962626,0.06177659340982574,57.64137268066406
-0.2987662285545911,0.173003994571114,57.892242431640625
-1.2130448470694573,0.174955095676845,57.42156982421875
-0.8407239012898237,-0.09582883727818933,56.29841232299805
-0.8509684666873243,0.05915529342134238,53.77820587158203
-0.6601122661046097,-0.30098570901857413,51.28907012939453
-0.9412994500858229,-0.06620917213107787,49.26485061645508
-0.6775147743116106,0.16594488718010342,47.170433044433594
-0.14819713481960964,-0.06675546547116273,44.74114227294922
-0.8039203925782532,0.39441244795579694,42.65017318725586
-1.5092577387886037,0.3635602223755184,40.7479362487793
-0.9443501844773129,0.5850746715315571,38.39574432373047
-1.1402068570722657,0.6051288023661536,36.07461929321289
-1.1481662084554278,0.6910917939268111,33.752349853515625
-1.0844876943575419,0.627547991316624,32.05610275268555
-0.6341294143891585,0.780772650665046,30.43925666809082
-0.03669952259398663,0.9268056116861418,28.37245750427246
-0.30443588929005966,0.9861754866138266,27.68889617919922
-0.4062578777320108,0.9915916899827373,27.618696212768555
-0.10220095242044538,0.9969005126144287,27.282669067382812
0.13293052157124205,0.8420910955077129,26.8258113861084
0.1596522957643564,1.0495036487575682,26.788984298706055
0.08679581300056381,0.9388047146037328,26.923625946044922
0.047034941310942865,0.8425568210113205,26.768272399902344
0.350801158087418,0.9545543747895345,27.180248260498047
0.30662516107816695,1.0459023577875242,27.690046310424805
0.13144236435866083,1.1457718630877123,27.363224029541016
0.0927481929352983,0.8484200012383946,27.696950912475586
-0.02791162024362041,1.1542818905150634,29.29538345336914
0.08764317241829096,1.0136970124492652,29.93521499633789
-0.07720613891343484,1.0310991428945597,30.432350158691406
-0.07091440520592505,0.9978732479261417,30.78679084777832
0.1993651406864779,1.056964029976122,31.20567512512207
-0.056542421615314926,1.0940493994910194,31.018098831176758
0.13747231439959498,1.0584398546550862,31.721223831176758
0.1491753097172581,0.9081089518538995,31.463449478149414
0.1018838800734908,0.9945328929652885,31.984752655029297
0.2886475356582083,0.7148061673411776,32.385223388671875
0.23990796512442417,1.1053530540136125,32.70859146118164
0.13225494878525107,1.069410354137331,33.07453918457031
0.13340383543566375,0.9860284234135638,33.208030700683594
0.3724126823161061,0.90139973414176,33.59584426879883
0.34227151887085294,0.8109277402867796,34.6188850402832
0.6541635456862149,0.7431278991826421,34.803009033203125
0.4954404245822705,0.5351883646311835,35.41752624511719
0.3928697647697261,0.17236504634550265,36.24608612060547
0.40422047152613627,0.07967275451217071,37.52805709838867
0.3848759453049097,0.44182156217127416,38.34165573120117
0.3205904995005215,0.7836936159018946,39.38886642456055
0.3545659002441141,0.8823321375133245,40.37162780761719
0.442005232856493,0.9035730764266015,41.322174072265625
0.3262393803792052,0.8729122049741872,41.903316497802734
0.0751336481287402,1.060052777852414,42.80207443237305
-0.26859349838195185,1.2954376103686578,43.17722702026367
-0.20818049686209017,1.0849623318729382,43.36135482788086
-0.22174438644383868,1.1583168234796546,42.7548942565918
-0.1422448831408155,1.1696937552340334,42.271568298339844
-0.20782827401063755,1.1865988661880993,42.09089660644531
-0.015225325009156234,1.1847743011886962,42.2347412109375
-0.12932821722004123,1.2015396593512826,41.17372131347656
-0.06190284885059803,1.0090237891602087,40.69499588012695
0.05261944376317326,1.2534429831829172,40.69729995727539
0.42140978416845226,0.978021282371988,40.07358169555664
0.07926851417858585,0.8313284941533218,40.04595947265625
0.17526408241292726,1.1684869804367426,40.851505279541016
0.08805085700091238,1.1677151067308624,40.915950775146484
-0.19322259708874454,1.5139627262515374,40.51317596435547
-0.094205522212761,1.0970565609216836,40.59947967529297
0.07614950435082388,1.0086871232013175,40.4326171875
-0.036607175691878484,1.0823519816053027,40.852657318115234
0.14802870506023869,1.1071462991002854,40.05862045288086
0.4795956686413699,0.8393947601086317,39.416481018066406
-0.006610609044940915,1.1949180147028942,39.96540451049805
0.35644864191113496,0.9425716013791062,40.505123138427734
0.36803261306707424,0.8166629030261804,40.37508010864258
0.11048836167303776,1.0635546170751853,41.50859832763672
0.47591262736657164,0.7527983701177606,42.254302978515625
0.24362758381170396,0.9551595419822824,42.52473449707031
0.24712508015624146,0.9196268191968704,43.83317184448242
-0.2310683968054127,1.117251871325022,43.95861053466797
0.38463545965078627,0.8577620386169518,45.13585662841797
-0.030319521876945955,1.1822088121021326,45.35565185546875
0.06514893049373405,1.0366168990613052,45.48108673095703
-0.19168363404136182,1.0716537366165253,45.37751770019531
0.1548770090653323,0.8086907463937875,44.74803924560547
-0.2745924748264776,1.0295365845582627,44.34297180175781
-0.11856552000602727,1.1029330057801818,44.33146286010742
-0.2330963213527025,1.0777937011774825,43.253177642822266
0.06121948482167789,0.7293596990338294,42.851558685302734
-0.16859347145614692,0.7623435647667297,42.790565490722656
-0.24988213630351352,0.40679492508263526,42.452239990234375
-0.2188919438620984,0.5336083953236103,42.744537353515625
-0.6032515899642942,0.4917081716661636,42.14958190917969
-0.3706947354347632,0.590605358672406,41.05174255371094
-0.045566955761649125,0.5727023264673343,39.790489196777344
0.1532465926613611,0.5138138885044146,39.15755844116211
-0.050795833978689815,0.7997629881298531,39.32096862792969
-0.3553847997929166,1.1231639024557225,38.528079986572266
0.10903956239412543,0.9295463836384976,37.943485260009766
-0.28601768529145477,1.3391319459043636,37.4290885925293
-0.261667969290044,1.1276906590605351,37.338172912597656
-0.23734496169257663,0.9758675830005274,37.25071716308594
0.06771694063249589,1.0368592906581338,37.141395568847656
-0.01058362995107319,1.2169352038125492,36.8790168762207
-0.20454805098553566,1.0575010953192299,37.387657165527344
-0.10170068143136622,0.914592804641967,36.7904052734375
-0.09068539218918055,1.1029960126504033,36.37612533569336
-0.3161989590189471,1.04728080267934,36.04010009765625
-0.15054016916782506,1.1324505406307626,35.281734466552734
-0.10311391088689993,1.0013772497989544,34.36686706542969
0.014872677211357634,1.0533495304209406,33.924964904785156
0.11034327239909043,0.9724803162140558,34.40944290161133
0.03587853190837474,0.789089246405945,34.32658767700195
-0.20491402701158762,0.8158653732627393,34.122901916503906
-0.28038029761991695,0.929526869116759,33.78802490234375
-0.18740201207579843,1.0784287012694862,33.42092514038086
-0.26959235368652434,1.136659365050311,34.44972229003906
-0.07167064502891533,1.108673926384162,32.68327713012695
-0.03022771376981047,1.1058676891264627,32.021575927734375
0.03664452564098283,1.1354101191086647,31.707414627075195
0.21379806619501573,0.894332325042252,32.83978271484375
0.29657572076291067,0.7744308532073777,31.815587997436523
0.2780558432027787,1.0310137979569154,32.519866943359375
0.12032420570707004,0.7066312119385301,33.65913391113281
0.5272932815378535,0.1207244864445241,32.58085632324219
0.5868455657915073,-0.1633965487152207,32.59581756591797
0.16290287812581963,-1.31610707486873,32.921485900878906
-0.009399971906869673,-1.1491235394907662,33.61655807495117
0.12129476763245135,-0.8214622921075829,34.096431732177734
0.0539542266016039,-1.0260270459975591,33.31965637207031
0.029344504743930466,-1.3751492780402998,33.830604553222656
0.12152523190907673,-1.0448665870604983,34.50611114501953
-0.028304955502453866,-1.109569731229401,34.210357666015625
-0.12700263754791155,-1.0078232826653286,34.18503952026367
0.1490960436386009,-0.7027171799662518,34.092979431152344
0.2877611866198059,-0.8012267036103548,34.1528205871582
0.28782552963659264,-0.21348737022216385,34.807613372802734
0.1571941355413405,0.685373784235595,35.55792236328125
0.2603158046300165,0.8063050405684148,36.43941879272461
0.09808387371578735,1.1441222279901415,37.22885513305664
0.2566397509065754,0.6575626773534424,37.714481353759766
-0.11500782980212086,0.723935849951174,38.592525482177734
-0.2135173315617517,0.9135308250238566,38.936607360839844
-0.3837233793526647,1.3621817189884122,38.192054748535156
-0.11710659688003143,1.1256530961177567,37.89054870605469
-0.21956902920488167,0.959183739009441,38.39344024658203
-0.2078793677537309,1.1807633099723815,36.940006256103516
0.10913514757760112,0.7095381726991851,37.31401062011719
0.3974362793326669,-0.007246760688578765,36.644256591796875
-0.03747150418686588,-1.3827088458209076,35.56137466430664
-0.09094022582755,-1.2940078467902139,35.43133544921875
-0.0650451801801696,-1.1041575282520917,34.534881591796875
0.19209471841351786,-1.0675308322699226,35.40141677856445
0.1296759785772734,-1.054694108405146,35.02741241455078
-0.030577972697218896,-0.9437194081198929,36.02859115600586
0.0015899100268516768,-1.052699711494823,35.59589767456055
0.09572814834187855,-0.9209157370646094,35.462406158447266
0.17168930365610577,-1.1302098600141552,35.47736740112305
0.20918439649101042,-0.35335615078198257,35.66724395751953
0.13478924497120737,0.20009630344823892,35.81684494018555
0.2726551943819552,0.6535969576608837,37.13563919067383
-0.20357661273863437,0.9869297426912939,38.057411193847656
-0.2990797780342043,1.0107415200130723,39.00565719604492
-0.0972410592397277,0.7233440464820249,38.91474533081055
-0.34792672827823756,1.3163310913450499,38.97688293457031
-0.23292545429234024,1.203364902945466,38.39113998413086
-0.14943855882284285,1.0407306071186684,37.91126251220703
0.12771560823558087,0.9546405645770693,37.186275482177734
0.6235093522656194,0.44273789923703916,36.7604866027832
0.40278593314686145,0.8694200851034013,36.88936996459961
0.42151014473226245,0.9418485874121095,37.7006721496582
0.369122053721807,-0.37427205711327605,37.34048080444336
0.3042945140296395,-1.1532879475954807,37.55912780761719
0.4820150343508003,-0.8617409446901242,38.53959274291992
0.29999526701159485,-1.0332876748260151,39.303707122802734
0.08228028788299532,-0.7495160900579941,40.44988250732422
0.31065788884103473,-0.8655507860149455,40.86071014404297
-0.06630925786475117,-1.2867176663499482,41.53852081298828
-0.06598790781628948,-1.2643410245851079,42.09434509277344
-0.28109102081352416,-1.161011728052537,41.87109375
-0.2723377556675106,-1.1485711975550579,41.510902404785156
-0.14690264549023338,-1.338318280431491,40.943565368652344
-0.17396271853407272,-1.4016101782998016,40.436073303222656
-0.16214227531779454,-1.3142571760476185,40.02179718017578
-0.17889189248223983,-1.0818777145606207,39.69267272949219
-0.1359831715346312,-1.234286011015901,39.28184127807617
-0.24985263005738803,-1.0815585020912388,38.94696807861328
-0.10405975001556675,-1.2592397759941012,38.26455307006836
-0.037748350779751305,-1.1750741278818595,38.21392059326172
0.22541212192115315,-1.3119720707549305,37.7006721496582
0.004428006034929903,-1.019698392699051,38.339359283447266
-0.08012220548660687,-1.1981624826673962,38.244991302490234
-0.08936368315856107,-1.0836336639444715,38.56145477294922
0.12945254855930505,-1.168665523412636,37.9918212890625
0.2187888794190131,-1.0538265762550167,37.943485260009766
0.16753508560261918,-1.074942595831479,38.27375793457031
0.040010568931150625,-1.2980491987067313,38.74557876586914
-0.03810787005197397,-1.3351631722332338,38.67998504638672
0.000896791781866014,-1.3674983476866862,38.719112396240234
-0.009921558226067878,-1.124431508344326,38.40494918823242
0.1540784184583185,-0.8281301597618357,38.2127685546875
0.43180023108059506,-1.094726419083211,38.189754486083984
0.3933373730437075,-0.9904253388584261,38.90553665161133
-0.006763149299448764,-0.8396068326995813,39.83766555786133
-0.2966378864679797,-0.8060204715705552,40.06667709350586
0.025641700930790896,-1.4712593251382546,39.887149810791016
-0.0892598706365527,-1.183961193987994,40.04365921020508
-0.02870738665527662,-1.3426793020273635,39.118431091308594
-0.19433043643199302,-0.7689152308075834,39.185176849365234
-0.11638348920668722,-1.1834510529839677,39.030975341796875
-0.15042650579938216,-1.225426595364711,38.437171936035156
-0.1147054925854242,-1.189806337240532,38.28411865234375
-0.20407706138237214,-1.4766640051385622,37.4555549621582
-0.24967915734216298,-1.1939729194485231,36.44517135620117
-0.19350654455311603,-1.1184429344274043,35.80533981323242
-0.5270026871501945,-1.1811263539245531,34.937652587890625
-0.35907645917126085,-1.055592987091591,34.503807067871094
-0.18496648743392552,-1.3004410793890162,33.23680114746094
-0.24526433601325112,-1.1682042923849858,32.929542541503906
-0.22278934893098062,-1.1487030814206645,31.63146209716797
-0.10046139590638047,-1.1640716526050219,31.59808921813965
-0.07929113365505777,-0.9747307697012979,31.29888916015625
-0.12726244524984695,-1.3896642153902825,30.430051803588867
0.013937008500471863,-1.3437321729585856,29.2608585357666
0.10477785072396407,-1.2623348711577105,30.507152557373047
0.0890724570168901,-1.0437601560628686,29.715417861938477
0.1808739191024082,-1.009719757760569,28.9996337890625
0.3203268899657053,-0.9881784113229901,29.539348602294922
0.3049278445596008,-0.8888390958008124,29.72117042541504
0.2986984728907187,-0.9956248580899929,29.93636703491211
0.27429979969549434,-0.9304083436226585,30.800600051879883
0.3779152217587381,-0.8118146682768936,31.462297439575195
0.368826435400476,-0.8553465163601407,32.17808532714844
0.3468259026548035,-0.8312982435545055,32.67176818847656
0.14230546917266515,-0.7469666116552444,33.903099060058594
0.21599383013069318,-0.6414987862892645,34.06190872192383
0.5114655678467154,-0.7086379826084498,34.64189910888672
0.3192464948595154,-0.2091378358891594,36.110294342041016
0.47365601694413617,-0.10026555596177969,36.569454193115234
0.37371465832072415,0.29662992232061197,37.770870208740234
0.41664566361863725,0.49427315566996216,38.7329216003418
0.3436228582827692,0.5852177761307882,39.61671829223633
0.2942806110951391,0.9680653485957712,40.50627517700195
0.17540795625224273,0.9984336488388087,41.24507141113281
0.16137807982922517,1.2031762428845258,42.22898864746094
0.12950209564121595,0.9604956438385785,42.266963958740234
0.12358725582163474,0.9108693650689241,42.97814178466797
0.012371638557935698,0.8187343978412825,42.77445602416992
-0.6180305158062811,0.9483838123383582,42.80552673339844
-0.7633849001129805,0.7564970814746036,42.684696197509766
-1.0437154784879172,0.6679156306332664,41.737606048583984
-0.9169400679379305,0.5064577656912617,39.88255310058594
-1.1919513940824553,0.7652030056983048,37.7950325012207
-1.0426271000134728,0.8804125330215361,35.89049530029297
-1.089363612006582,0.954434669192943,33.67179489135742
-0.8414037367936373,0.9291870082051967,31.340314865112305
-0.34316504395711056,1.0245282079147384,29.104352951049805
-0.40705449730327387,1.0902831476495776,27.95357322692871
-0.3658318794627006,1.1087513262348134,27.36207389831543
-0.3703963069232862,1.1647406016796615,26.333274841308594
-0.394392450965708,1.0277267685071179,26.222803115844727
-0.29002630272572105,1.1536731662417603,26.571487426757812
-0.08731611354913957,1.1201349857353222,25.404600143432617
-0.06974469313949555,0.9182188579942356,26.290699005126953
-0.30239178373829795,1.2663535579698881,24.795835494995117
-0.3522073890704119,1.2182355795289237,24.282588958740234
0.2922440303585649,0.8629101223002829,23.99144172668457
0.2677560604581376,1.0496867248666095,24.304454803466797
-0.01693617605509767,1.198547395377041,23.762435913085938
0.2525148818434452,0.8815979573369743,24.45405387878418
0.3183047899555894,0.8613851722143413,25.74292755126953
0.06918686162053916,1.2547281671992565,25.978837966918945
-0.07577021314828157,0.9044875202353881,26.623273849487305
0.24250560845614402,0.8361593212674127,26.923625946044922
0.37872362451052755,0.7454514733143619,26.512798309326172
0.21808808447588846,0.6450170084784482,25.745229721069336
0.11522920834373046,0.3794048106654933,26.902912139892578
0.2551332782661599,0.6730880932907367,27.738378524780273
0.35372825239647954,0.8393409042011047,28.85808563232422
0.35372825239647954,0.8393409042011047,29.464548110961914
0.3609170612512808,0.6402185660387414,30.235567092895508
0.0997222391445346,0.9181228158656766,30.84893226623535
0.22266420486324395,0.730042267445052,32.06760787963867
0.5477954308948343,0.697163897373564,33.097557067871094
0.3374787064843835,0.7054705765626555,33.61080551147461
0.41881552298696223,0.6612366279248488,34.522220611572266
0.5456457011077431,0.43025562368387227,34.96181869506836
0.3408946752229884,0.2703972341874453,35.67300033569336
0.4332312532845913,0.012449900575205824,36.58671569824219
0.45351689169201587,-0.029298901809339792,37.31976318359375
0.5061982701717378,-0.03478608520012037,38.17249298095703
0.4770858296173155,-0.13418505410269954,39.09196472167969
0.46982081023547256,-0.25829534754605227,40.135719299316406
0.3969804662357065,-0.15108392267017068,41.11388397216797
0.2902636343745628,-0.32474095710367373,42.119667053222656
-0.12340046241586385,-0.5633707668407004,42.886077880859375
-0.5376689912327971,-0.5044890834690761,43.444210052490234
-1.1941057014968428,-0.4362135198251555,43.131195068359375
-1.3640931656890978,-0.30491346940104286,42.021846771240234
-1.198407011564535,-0.3488071590732804,39.35434341430664
-0.953055221504382,-0.5145091526006659,37.133338928222656
-0.7077242504579233,-0.9173128746369055,34.78459930419922
-0.45741845631190486,-0.8564554047736679,32.45541763305664
-0.4260566300140641,-1.2424833631381902,30.588857650756836
-0.7646939415589347,-1.0381782158332558,28.93979263305664
-0.6487146995694366,-1.1272694563594068,27.555402755737305
-0.46467350360868787,-1.082455750286072,26.055938720703125
-0.7488505331831514,-0.9764888762798893,24.91551399230957
-0.4746522368223428,-1.147555235006645,23.96152114868164
-0.23614725262796177,-1.320589147320478,22.651935577392578
-0.4389851417353468,-1.2486472021202641,21.178936004638672
-0.15700466503204938,-1.14626783670546,19.64034652709961
-0.3883898571179034,-1.2068023172775189,19.459672927856445
-0.6269281467178973,-0.8279839599561887,19.37796974182129
-0.4494947884544589,-1.2284343940808138,18.800277709960938
-0.3224072326599628,-1.0719596491825112,17.590808868408203
0.04878420510177526,-1.0621584785117195,18.09139633178711
0.20766982340332768,-0.97524878130641,16.945220947265625
0.11526564623553655,-0.958900278824169,17.118989944458008
0.1833102298539369,-0.9518717374369154,17.834774017333984
0.19411351798110216,-1.1317045303527684,18.31810188293457
0.2016254520243629,-1.0376614831973747,19.0430908203125
0.2357802828811227,-0.9903877412217903,19.55864143371582
0.28223878120547924,-1.1102324962399623,21.059255599975586
-0.02581298974657405,-1.1212729008463507,21.572505950927734
-0.15330580386313747,-0.7710572941463444,21.995990753173828
-0.03203987226684985,-0.4024895422512991,21.745121002197266
0.3175096822782203,-0.7457735025899278,21.104137420654297
0.4321235257116722,-0.09174561443112994,21.99138641357422
0.4764968456889364,-0.6569722427829013,23.16288185119629
0.5137887990116342,-0.7183369247358574,23.878665924072266
0.5207012890557338,-0.708519830832917,24.542665481567383
0.5629653735819454,-0.636612131246564,25.370073318481445
0.5796262569173688,-0.7495942187129424,26.6129150390625
0.6582481482996467,-0.5863278893445286,27.70270347595215
0.7712315557899317,-0.8317232836806306,29.28732681274414
0.5116833273016095,-0.6520219853386217,30.534770965576172
0.6363882691380609,-0.5947209631438437,31.710866928100586
0.3634684055468243,-0.6009257083789676,33.54405975341797
0.7187224932518368,-0.3180988842171726,34.936500549316406
0.519235790388896,-0.33069677856018936,36.03319549560547
0.37256194820541344,-0.3870533326516236,37.08730697631836
0.40560513657665115,-0.5191462540825441,38.410701751708984
0.511144702798417,-0.6391374812343925,38.96537780761719
0.5092777790385636,-0.6952491687418831,39.86298751831055
0.5126657498078342,-0.6418575227772425,40.899837493896484
0.4050149286154563,-0.8166707661891351,41.75831604003906
0.34691631644415716,-0.6511153748579591,42.593788146972656
0.4205219765898531,-0.8018524178072951,43.41889572143555
0.4676235847528596,-0.8390628473877143,44.5086784362793
0.4384885247905534,-0.6144805174526969,45.28315353393555
0.5260172344053037,-0.282956815332589,46.15544891357422
0.45195833117989864,-0.32875111221009545,47.12785339355469
0.4790152046059421,0.12233580947980581,48.14859390258789
0.26608745750900864,0.41042211229679876,49.348854064941406
0.2983963364604556,0.2454010619991129,50.32817077636719
0.06618418778024045,0.3644190073053984,51.12796401977539
-0.20932470200290904,0.834934730946863,51.692989349365234
-0.4397113559157798,1.043423908076007,52.056640625
-0.2668192236119503,0.7155919189448301,51.99449920654297
-0.1923066924638828,0.8749798791045293,51.39494323730469
-0.3854722650681351,0.7319643443406958,50.663047790527344
-1.023744366498264,0.5303186959421495,50.00825500488281
-0.8117239522579087,0.5952972763579338,48.69751739501953
-0.847492970156726,0.5939362672251975,46.849361419677734
-0.8440820618839708,0.7616971161425438,45.30501937866211
-0.8743379372371126,0.8625729649804864,43.435001373291016
-0.6347951713464637,1.0191711890634025,41.45681381225586
-0.322300241853725,1.0199761043944338,39.51890182495117
-0.3713268413055111,1.1936111988817966,37.80884552001953
-0.30984207795917884,1.0206541995477005,36.60512924194336
-0.22409715898991764,1.2451604410807255,35.95724105834961
-0.27206664951248,1.1924890200373146,35.49347686767578
-0.0897882197486282,0.9791215497912683,34.80531311035156
-0.11873284119471528,0.9721670762107166,33.92036056518555
-0.4183319406645869,1.1772227124271275,33.64187240600586
-0.06348236427455367,0.992309752189167,32.95255661010742
0.16316475958504462,0.9560191585487823,32.555538177490234
0.08756321297282722,1.39785526564049,32.35415267944336
0.17108747638190974,0.7252794263809904,31.990507125854492
0.08709705889553186,0.9404550231664404,32.78109359741211
0.5577575788657666,0.4231118643455521,32.602718353271484
0.4204275475491643,0.3068186917194417,32.53367233276367
0.2767078323309955,0.11351279044497059,33.07569122314453
0.3945764137167796,0.11720973322104065,33.7247314453125
0.4149091185588157,0.03360863740964403,34.75697708129883
0.3869567104256071,-0.06860434754017858,35.25986862182617
0.45775533034535043,-0.6297366943361491,36.1597785949707
0.44688557856482924,-0.6944546980866629,36.84218978881836
0.23255327229489867,-0.539888381375412,37.902061462402344
0.35454499837412584,-0.8003170306051767,38.594825744628906
0.11201016449924918,-0.866141062761991,39.52350616455078
-0.20672930598248157,-1.1328544461910377,40.17829895019531
-0.22183710484012373,-1.232197784408502,39.666202545166016
-0.10272989343895533,-1.19053755047443,38.86180877685547
-0.05407500812322437,-1.1467608479671512,39.05859375
0.13787795273058623,-1.291099489172784,38.63395309448242
0.3063044847160198,-1.0701509655248984,37.915870666503906
0.11820354936428404,-0.9900305017635775,37.946937561035156
0.09558977784995726,-1.4138213203587329,38.83534240722656
0.200013244660863,-1.1240707313693308,39.342830657958984
-0.0497298609206438,-0.26681142380059136,38.83073806762695
-0.000563615378951325,-0.4769422427820713,39.737548828125
0.3112748502567837,-0.8291361402461911,39.87909698486328
0.43665861138846124,-0.09547983587116862,40.36817932128906
0.4417201019773883,-0.3834411581162652,41.21055221557617
0.4608974759422386,-0.7601972315674829,41.39467239379883
0.5598496200148549,-0.6033041036983864,42.281925201416016
0.5177463467221933,-0.568655673546259,43.36135482788086
0.30616135432293984,-0.23090032668484786,44.18070602416992
0.007957322352441036,-0.18894453342956685,45.03113555908203
-0.03682798211252799,-0.1312627151500362,45.850486755371094
-0.27188133201837356,-0.24347779398047983,45.77223587036133
-0.5564421378630692,0.008250261879696488,45.329185485839844
-0.8288412727456178,0.022247194253524342,44.57772445678711
-0.9425041152369208,-0.023211083989952485,43.24282455444336
-0.8686096263498359,-0.12980522615193693,41.5857048034668
-0.973950433207531,0.07421950231437445,39.732948303222656
-1.067303216563601,0.008162920927600677,37.44059371948242
-0.7107208458521614,-0.1590348232519378,35.21038818359375
-0.8156325180429549,0.09149941554423238,33.2966423034668
-0.824027959591623,-0.03618991494285466,31.549758911132812
-0.6640879435153213,-0.06613235593929871,29.775257110595703
-0.6248566463838733,-0.1581110996537727,27.977741241455078
-0.6268229159459644,-0.034099085025516354,26.604860305786133
-0.6332811463297915,-0.0418213385805826,24.978809356689453
-0.6123415809742206,-0.12419680107803438,23.6335506439209
-0.5825848650418449,-0.04462675966356962,22.11336898803711
-0.58706236668464,-0.26077832964351855,20.7807674407959
-0.594437679703411,-0.10303107711404116,19.66681480407715
-0.6159657832941737,-0.10832410456388013,18.152387619018555
-0.5881479159843717,-0.05948697031197884,16.85085678100586
-0.627055390237278,0.014613618687620364,15.658650398254395
-0.5442562286757977,-0.03507990722833579,14.324896812438965
-0.6795407935031199,-0.10114548632560921,13.049834251403809
-0.5449003577170854,0.024463477615329285,11.543464660644531
-0.4686727809984518,0.0038602403891614314,10.401890754699707
-0.4919020314435027,0.024162424071423064,9.59404468536377
-0.46592751338095234,-0.007778273842169429,8.613580703735352
-0.4274194391502986,-0.019494574363676485,7.505380630493164
-0.44711984456235027,-0.033047686387518906,6.51340913772583
-0.45271857821439854,0.014657911557561711,5.48691463470459
-0.3948523410684877,-0.04332218829332477,4.485736846923828
-0.4809717792571969,-0.0036973894848416782,3.5351932048797607
-0.40207521437481164,0.009692465524853167,2.3798110485076904
-0.33350051532544267,0.020763701170087235,1.4154582023620605
-0.1567429004016619,0.02486500968730103,0.6697534322738647
0.12135496623148505,-0.011713898075702237,0.14269660413265228
0.0538948049756389,0.0010721866103178548,0.11047478765249252
0.001600585723635186,0.0165887158989432,0.09896700084209442
-0.008374117834248584,0.00376310126761398,0.08745920658111572
-0.0016677160600578553,0.002769422173982474,0.011507789604365826
0.010255057799786044,0.0063738651781957605,0.05178505927324295
-0.00031820811920745,0.018588623310620757,0.03567415103316307
0.012361054041675815,0.013092512379059463,0.05638816952705383
0.057277578176494155,0.0019391860798852565,0.07710219919681549
0.07451294729668571,-0.0011890319931304187,0.115077905356884
0.04768556264248467,0.034932712743263296,0.1116255670785904
0.07385229496986012,0.02076442261096175,0.35904306173324585
0.10988773362803589,0.00592142765373156,0.4614624083042145
0.11983724707810126,0.046823979905482795,0.6962213516235352
0.17547379398642268,-0.008202524232776787,0.7641173005104065
0.21695875832530961,-0.01260916667238405,1.1818499565124512
0.15059857847003988,0.030015964174504146,1.7008514404296875
0.07589365123669323,0.05901652837209035,2.0138633251190186
0.22783500841957605,-0.031370663203764665,2.4948887825012207
0.18301598510558012,0.028006427451122983,2.9678592681884766
0.1537038706800152,0.01975778834916313,3.2969820499420166
0.14631886786365808,0.017176800072510073,3.7664997577667236
0.1492347171614668,0.024656806799039633,4.118638038635254
0.14013335387638712,0.04220514861377307,4.451213359832764
0.12141305030843012,0.042133037272307036,4.965611457824707
0.12963291790520293,0.03909550950491885,5.200370788574219
0.04751371676250053,0.05715317963630225,5.732029914855957
0.046204520997051704,0.04111860206719757,5.85516357421875
0.028787389121089236,0.04296471291794336,6.206151485443115
-0.002242878583516497,0.06320759910672527,6.451267242431641
0.04759695777092228,0.02271684482663872,6.679121494293213
-0.005265043939409451,0.03055271289483188,6.923086643218994
0.004860134881394944,0.0603078804855739,7.103758811950684
0.008144660973636208,0.027842621338410513,7.238400459289551
-0.0039720865705987025,0.04209021335007896,7.391453266143799
-0.025130731593940116,0.030266699329282443,7.617006301879883
0.00038766512623286957,0.04244444363682631,7.778115272521973
0.01312665197791961,0.07281409364868503,7.808035850524902
-0.03686458840337169,0.015561009840011329,8.057754516601562
-0.019483578923370118,0.044369441889297874,8.34775161743164
-0.025230915060426504,0.03660504162299705,8.176284790039062
-0.053934124693101826,0.08463649618270888,8.377671241760254
-0.008383102027699464,0.04217485647850767,8.581358909606934
-0.009584909396948803,0.032846884483821844,8.535327911376953
-0.02475730264672363,0.0399424745030137,8.733262062072754
0.04744761607000568,0.02772514100662726,8.765483856201172
0.0549379086500563,-0.00470258369054681,8.651556968688965
0.0006111249663385257,0.025843207137099953,8.901275634765625
-0.015343511051428636,0.03677453239469813,8.88976764678955
0.06975710543140227,-0.07825043860541156,9.023258209228516
0.03697800966760031,0.037947824830625136,9.091154098510742
-0.13682812007048786,0.028204123847773523,9.269525527954102
-0.10976102136258842,0.03173351918169863,9.239604949951172
-0.08442668793698613,0.03364839139818122,9.192422866821289
-0.019054915250976082,0.01802682553850616,9.205081939697266
0.0011958377332459149,-0.008752461688425434,9.382301330566406
